Board Name,Class Name,Subject Name,Series Name,Chapter Name,Topic Name,Subtopic Name,Question Type,"Question(If question is mcq or Assertion & Reason  use option 1 to option 4 and in answer give 1,2,3,4 number only not option value, if true false, or any other type question give answer in answer coloumn and for  Fill in the blank (QPG) you can use comma seprator for multiple filling answers eg fill1,fill2, fill3)",Answer,Option1,Option2,Option3,Option4,Explanation,Question Weight(optional),Difficulty Level,Learning Outcomes(optional),"Skills(optional if any seprate with comma ,)","Tags(optional if any seprate with comma ,)","Status(1==active,0=Inactive)"
CBSE,Class 1,Mathematics,Star Maths,Chapter 1. Numbers,,, Fill in the blank (QPG),________ comes in between 69 and 71.,N/A,,,,,,Other,Hard,Test Learning Outcome 1,"Skillone,skilltwo","STAR MATHS 1,Numbers",1
CBSE,Class 1,Mathematics,Star Maths,Chapter 1. Numbers,,, Fill in the blank (QPG),_________ comes after 62.,N/A,,,,,,Other,Hard,Test Learning Outcome 1,"Skillone,skilltwo","STAR MATHS 1,Numbers",1
CBSE,Class 1,Mathematics,Star Maths,Chapter 1. Numbers,,, Fill in the blank (QPG),_________ comes before 91.,N/A,,,,,,Other,Hard,Test Learning Outcome 1,"Skillone,skilltwo","STAR MATHS 1,Numbers",1
CBSE,Class 1,Mathematics,Star Maths,Chapter 1. Numbers,,, Fill in the blank (QPG),"__________ is the smallest number among 43, 37, 29, 64, 88",N/A,,,,,,Other,Hard,Test Learning Outcome 1,"Skillone,skilltwo","STAR MATHS 1,Numbers",1
CBSE,Class 1,Mathematics,Star Maths,Chapter 1. Numbers,,, Fill in the blank (QPG),15 comes between __________ and _________.,N/A,,,,,,Other,Hard,Test Learning Outcome 1,"Skillone,skilltwo","STAR MATHS 1,Numbers",1
CBSE,Class 1,Mathematics,Star Maths,Chapter 1. Numbers,,, Fill in the blank (QPG),38 _________38.,N/A,,,,,,Other,Hard,Test Learning Outcome 1,"Skillone,skilltwo","STAR MATHS 1,Numbers",1
CBSE,Class 1,Mathematics,Star Maths,Chapter 1. Numbers,,, Fill in the blank (QPG),38 is __________ tens and _________ones.,N/A,,,,,,Other,Hard,Test Learning Outcome 1,"Skillone,skilltwo","STAR MATHS 1,Numbers",1
CBSE,Class 1,Mathematics,Star Maths,Chapter 1. Numbers,,, Fill in the blank (QPG),43 is _________tens and _________one.,N/A,,,,,,Other,Hard,Test Learning Outcome 1,"Skillone,skilltwo","STAR MATHS 1,Numbers",1
CBSE,Class 1,Mathematics,Star Maths,Chapter 1. Numbers,,, Fill in the blank (QPG),50 comes between ______ and ______.,N/A,,,,,,Other,Hard,Test Learning Outcome 1,"Skillone,skilltwo","STAR MATHS 1,Numbers",1
CBSE,Class 1,Mathematics,Star Maths,Chapter 1. Numbers,,, Fill in the blank (QPG),67 is ________tens and _________ones.,N/A,,,,,,Other,Hard,Test Learning Outcome 1,"Skillone,skilltwo","STAR MATHS 1,Numbers",1
CBSE,Class 1,Mathematics,Star Maths,Chapter 1. Numbers,,, Fill in the blank (QPG),70 is _______tens and ________ones.,N/A,,,,,,Other,Hard,Test Learning Outcome 1,"Skillone,skilltwo","STAR MATHS 1,Numbers",1
CBSE,Class 1,Mathematics,Star Maths,Chapter 1. Numbers,,, Fill in the blank (QPG),72 is ________ tens and_______one.,N/A,,,,,,Other,Hard,Test Learning Outcome 1,"Skillone,skilltwo","STAR MATHS 1,Numbers",1
CBSE,Class 1,Mathematics,Star Maths,Chapter 1. Numbers,,, Fill in the blank (QPG),82________91.,N/A,,,,,,Other,Hard,Test Learning Outcome 1,"Skillone,skilltwo","STAR MATHS 1,Numbers",1
CBSE,Class 1,Mathematics,Star Maths,Chapter 1. Numbers,,, Fill in the blank (QPG),85 comes after _____________.,N/A,,,,,,Other,Hard,Test Learning Outcome 1,"Skillone,skilltwo","STAR MATHS 1,Numbers",1
CBSE,Class 1,Mathematics,Star Maths,Chapter 1. Numbers,,, Fill in the blank (QPG),99 is _________tens and________ones.,N/A,,,,,,Other,Hard,Test Learning Outcome 1,"Skillone,skilltwo","STAR MATHS 1,Numbers",1
CBSE,Class 1,Mathematics,Star Maths,Chapter 1. Numbers,,, Fill in the blank (QPG),"Complete the sequence 75, 80, ___________90.",N/A,,,,,,Other,Hard,Test Learning Outcome 1,"Skillone,skilltwo","STAR MATHS 1,Numbers",1
CBSE,Class 1,Mathematics,Star Maths,Chapter 1. Numbers,,, Fill in the blank (QPG),Numeral of sixty nine is _________.,N/A,,,,,,Other,Hard,Test Learning Outcome 1,"Skillone,skilltwo","STAR MATHS 1,Numbers",1
CBSE,Class 1,Mathematics,Star Maths,Chapter 1. Numbers,,, Fill in the blank (QPG),ordinal number of nineteen is __________.,N/A,,,,,,Other,Hard,Test Learning Outcome 1,"Skillone,skilltwo","STAR MATHS 1,Numbers",1
CBSE,Class 1,Mathematics,Star Maths,Chapter 1. Numbers,,, Fill in the blank (QPG),"put "">, < or ="" between the given numbers 48 ________ 84",N/A,,,,,,Other,Hard,Test Learning Outcome 1,"Skillone,skilltwo","STAR MATHS 1,Numbers",1
CBSE,Class 1,Mathematics,Star Maths,Chapter 1. Numbers,,, Fill in the blank (QPG),"put "">, < or ="" between the given numbers 61 _________ 61",N/A,,,,,,Other,Hard,Test Learning Outcome 1,"Skillone,skilltwo","STAR MATHS 1,Numbers",1
CBSE,Class 1,Mathematics,Star Maths,Chapter 1. Numbers,,, Fill in the blank (QPG),"put "">, < or ="" between the given numbers 63 ______63",N/A,,,,,,Other,Hard,Test Learning Outcome 1,"Skillone,skilltwo","STAR MATHS 1,Numbers",1
CBSE,Class 1,Mathematics,Star Maths,Chapter 1. Numbers,,, Fill in the blank (QPG),"put "">, < or ="" between the given numbers 74 ________57",N/A,,,,,,Other,Hard,Test Learning Outcome 1,"Skillone,skilltwo","STAR MATHS 1,Numbers",1
CBSE,Class 1,Mathematics,Star Maths,Chapter 1. Numbers,,, Fill in the blank (QPG),"put "">, < or ="" between the given numbers 93 _____87",N/A,,,,,,Other,Hard,Test Learning Outcome 1,"Skillone,skilltwo","STAR MATHS 1,Numbers",1
CBSE,Class 1,Mathematics,Star Maths,Chapter 1. Numbers,,, Fill in the blank (QPG),"put "">, < or ="" between the given numbers 98 ________ 89",N/A,,,,,,Other,Hard,Test Learning Outcome 1,"Skillone,skilltwo","STAR MATHS 1,Numbers",1
CBSE,Class 1,Mathematics,Star Maths,Chapter 1. Numbers,,, Fill in the blank (QPG),"Write the biggest number 47,42, 49, 44, 46 ______________",N/A,,,,,,Other,Hard,Test Learning Outcome 1,"Skillone,skilltwo","STAR MATHS 1,Numbers",1
CBSE,Class 1,Mathematics,Star Maths,Chapter 1. Numbers,,, Fill in the blank (QPG),"Write the biggest number 54, 34, 14, 64, 24 _________",N/A,,,,,,Other,Hard,Test Learning Outcome 1,"Skillone,skilltwo","STAR MATHS 1,Numbers",1
CBSE,Class 1,Mathematics,Star Maths,Chapter 1. Numbers,,, Fill in the blank (QPG),Write the expanded form 30 = ____________,N/A,,,,,,Other,Hard,Test Learning Outcome 1,"Skillone,skilltwo","STAR MATHS 1,Numbers",1
CBSE,Class 1,Mathematics,Star Maths,Chapter 1. Numbers,,, Fill in the blank (QPG),Write the expanded form. 26 = __________,N/A,,,,,,Other,Hard,Test Learning Outcome 1,"Skillone,skilltwo","STAR MATHS 1,Numbers",1
CBSE,Class 1,Mathematics,Star Maths,Chapter 1. Numbers,,, Fill in the blank (QPG),Write the expanded form. 75 = ____________,N/A,,,,,,Other,Hard,Test Learning Outcome 1,"Skillone,skilltwo","STAR MATHS 1,Numbers",1
CBSE,Class 1,Mathematics,Star Maths,Chapter 1. Numbers,,, Fill in the blank (QPG),Write the expanded form. 83 = ____________,N/A,,,,,,Other,Hard,Test Learning Outcome 1,"Skillone,skilltwo","STAR MATHS 1,Numbers",1
CBSE,Class 1,Mathematics,Star Maths,Chapter 1. Numbers,,, Fill in the blank (QPG),Write the expanded form. 99 = _________,N/A,,,,,,Other,Hard,Test Learning Outcome 1,"Skillone,skilltwo","STAR MATHS 1,Numbers",1
CBSE,Class 1,Mathematics,Star Maths,Chapter 1. Numbers,,, Fill in the blank (QPG),"Write the missing numbers 42, ____________, __________39, ___________, 37",N/A,,,,,,Other,Hard,Test Learning Outcome 1,"Skillone,skilltwo","STAR MATHS 1,Numbers",1
CBSE,Class 1,Mathematics,Star Maths,Chapter 1. Numbers,,, Fill in the blank (QPG),"Write the missing numbers 63, __________, __________, 66, ____________, 68",N/A,,,,,,Other,Hard,Test Learning Outcome 1,"Skillone,skilltwo","STAR MATHS 1,Numbers",1
CBSE,Class 1,Mathematics,Star Maths,Chapter 1. Numbers,,, Fill in the blank (QPG),"Write the missing numbers 75, ______, _______, 72, _______, 70",N/A,,,,,,Other,Hard,Test Learning Outcome 1,"Skillone,skilltwo","STAR MATHS 1,Numbers",1
CBSE,Class 1,Mathematics,Star Maths,Chapter 1. Numbers,,, Fill in the blank (QPG),"Write the missing numbers 86, ____________, __________, 89, ________,91",N/A,,,,,,Other,Hard,Test Learning Outcome 1,"Skillone,skilltwo","STAR MATHS 1,Numbers",1
CBSE,Class 1,Mathematics,Star Maths,Chapter 1. Numbers,,, Fill in the blank (QPG),Write the number that comes in between 31______33,N/A,,,,,,Other,Hard,Test Learning Outcome 1,"Skillone,skilltwo","STAR MATHS 1,Numbers",1
CBSE,Class 1,Mathematics,Star Maths,Chapter 1. Numbers,,, Fill in the blank (QPG),Write the number that comes in between 40 ______42,N/A,,,,,,Other,Hard,Test Learning Outcome 1,"Skillone,skilltwo","STAR MATHS 1,Numbers",1
CBSE,Class 1,Mathematics,Star Maths,Chapter 1. Numbers,,, Fill in the blank (QPG),Write the number that comes in between 48______84,N/A,,,,,,Other,Hard,Test Learning Outcome 1,"Skillone,skilltwo","STAR MATHS 1,Numbers",1
CBSE,Class 1,Mathematics,Star Maths,Chapter 1. Numbers,,, Fill in the blank (QPG),Write the number that comes in between 52________54,N/A,,,,,,Other,Hard,Test Learning Outcome 1,"Skillone,skilltwo","STAR MATHS 1,Numbers",1
CBSE,Class 1,Mathematics,Star Maths,Chapter 1. Numbers,,, Fill in the blank (QPG),Write the number that comes in between 67 ______69,N/A,,,,,,Other,Hard,Test Learning Outcome 1,"Skillone,skilltwo","STAR MATHS 1,Numbers",1
CBSE,Class 1,Mathematics,Star Maths,Chapter 1. Numbers,,, Fill in the blank (QPG),Write the number that comes in between 89 ________91,N/A,,,,,,Other,Hard,Test Learning Outcome 1,"Skillone,skilltwo","STAR MATHS 1,Numbers",1
CBSE,Class 1,Mathematics,Star Maths,Chapter 1. Numbers,,, Fill in the blank (QPG),Write the numbers that come before and after ____________67_________,N/A,,,,,,Other,Hard,Test Learning Outcome 1,"Skillone,skilltwo","STAR MATHS 1,Numbers",1
CBSE,Class 1,Mathematics,Star Maths,Chapter 1. Numbers,,, Fill in the blank (QPG),Write the numbers that come before and after __________52_________,N/A,,,,,,Other,Hard,Test Learning Outcome 1,"Skillone,skilltwo","STAR MATHS 1,Numbers",1
CBSE,Class 1,Mathematics,Star Maths,Chapter 1. Numbers,,, Fill in the blank (QPG),Write the numbers that come before and after. _____________ 22___________.,N/A,,,,,,Other,Hard,Test Learning Outcome 1,"Skillone,skilltwo","STAR MATHS 1,Numbers",1
CBSE,Class 1,Mathematics,Star Maths,Chapter 1. Numbers,,, Fill in the blank (QPG),Write the numbers that come before and after. ___________35__________,N/A,,,,,,Other,Hard,Test Learning Outcome 1,"Skillone,skilltwo","STAR MATHS 1,Numbers",1
CBSE,Class 1,Mathematics,Star Maths,Chapter 1. Numbers,,, Fill in the blank (QPG),Write the numbers that come before and after. __________39________.,N/A,,,,,,Other,Hard,Test Learning Outcome 1,"Skillone,skilltwo","STAR MATHS 1,Numbers",1
CBSE,Class 1,Mathematics,Star Maths,Chapter 1. Numbers,,, Fill in the blank (QPG),Write the numbers that come before and after. __________71__________,N/A,,,,,,Other,Hard,Test Learning Outcome 1,"Skillone,skilltwo","STAR MATHS 1,Numbers",1
CBSE,Class 1,Mathematics,Star Maths,Chapter 1. Numbers,,, Fill in the blank (QPG),Write the place value of the underline digit 95________.,N/A,,,,,,Other,Hard,Test Learning Outcome 1,"Skillone,skilltwo","STAR MATHS 1,Numbers",1
CBSE,Class 1,Mathematics,Star Maths,Chapter 1. Numbers,,, Fill in the blank (QPG),Write the place value of the underline digit.79 _________,N/A,,,,,,Other,Hard,Test Learning Outcome 1,"Skillone,skilltwo","STAR MATHS 1,Numbers",1
CBSE,Class 1,Mathematics,Star Maths,Chapter 1. Numbers,,, Fill in the blank (QPG),Write the place value of the underlined digit 57 _______,N/A,,,,,,Other,Hard,Test Learning Outcome 1,"Skillone,skilltwo","STAR MATHS 1,Numbers",1
CBSE,Class 1,Mathematics,Star Maths,Chapter 1. Numbers,,, Fill in the blank (QPG),Write the place value of the underlined digit 63 __________.,N/A,,,,,,Other,Hard,Test Learning Outcome 1,"Skillone,skilltwo","STAR MATHS 1,Numbers",1
CBSE,Class 1,Mathematics,Star Maths,Chapter 1. Numbers,,, Fill in the blank (QPG),Write the place value of the underlined digit 86 ________.,N/A,,,,,,Other,Hard,Test Learning Outcome 1,"Skillone,skilltwo","STAR MATHS 1,Numbers",1
CBSE,Class 1,Mathematics,Star Maths,Chapter 1. Numbers,,, Fill in the blank (QPG),"Write the smallest number 67,62, 69, 64, 63 _________",N/A,,,,,,Other,Hard,Test Learning Outcome 1,"Skillone,skilltwo","STAR MATHS 1,Numbers",1
CBSE,Class 1,Mathematics,Star Maths,Chapter 1. Numbers,,,Multiple Choice Question (QPG) Test Paper,"Complete the correct sequance by skip counting of 10's 23, 33, _____, ______, _______, _______",N/A,"38, 48, 58, 68","43, 52, 62, 72","43, 53, 63, 73","44, 54, 64, 74",,Other,Hard,Test Learning Outcome 1,"Skillone,skilltwo","STAR MATHS 1,Numbers",1
CBSE,Class 1,Mathematics,Star Maths,Chapter 1. Numbers,,,Multiple Choice Question (QPG) Test Paper,"Complete the correct sequance by skip counting of 2's 50, 52, _______, _________, ________, _______",N/A,"53, 54, 55, 56","54, 56, 58, 60","53, 55, 57, 59","54, 55, 56, 57",,Other,Hard,Test Learning Outcome 1,"Skillone,skilltwo","STAR MATHS 1,Numbers",1
CBSE,Class 1,Mathematics,Star Maths,Chapter 1. Numbers,,,Multiple Choice Question (QPG) Test Paper,"Complete the correct sequance by skip counting of 5's. 72, 77, _______, ________, _________, _______",N/A,"80, 85, 90, 95","82, 84, 92, 97","81, 86, 91, 96","82, 87, 92, 97",,Other,Hard,Test Learning Outcome 1,"Skillone,skilltwo","STAR MATHS 1,Numbers",1
CBSE,Class 1,Mathematics,Star Maths,Chapter 1. Numbers,,,Multiple Choice Question (QPG) Test Paper,"complete the correct sequence by skip counting of 2's 50, 52, ________, _______, _________, ________.",N/A,"53, 54, 55, 56","54, 56, 58, 60","53, 55, 57, 59","54, 55, 56, 57",,Other,Hard,Test Learning Outcome 1,"Skillone,skilltwo","STAR MATHS 1,Numbers",1
CBSE,Class 1,Mathematics,Star Maths,Chapter 1. Numbers,,,Multiple Choice Question (QPG) Test Paper,Complete the number pattern : 16| 17 |_______ | 19 | 20 | ________22 | 23 | ______.,N/A,18 | 21 | 24,18 | 24 | 21,21 | 18 | 24,24 | 21 | 18,,Other,Hard,Test Learning Outcome 1,"Skillone,skilltwo","STAR MATHS 1,Numbers",1
CBSE,Class 1,Mathematics,Star Maths,Chapter 1. Numbers,,,Multiple Choice Question (QPG) Test Paper,"In 59,_____,______,53, the blanks can be filled with",N/A,"53, 50","51, 53","56, 54","57, 55",,Other,Hard,Test Learning Outcome 1,"Skillone,skilltwo","STAR MATHS 1,Numbers",1
CBSE,Class 1,Mathematics,Star Maths,Chapter 1. Numbers,,,Multiple Choice Question (QPG) Test Paper,put the correct sign in the blanks : 83____100,N/A,›,#ERROR!,‹,#,,Other,Hard,Test Learning Outcome 1,"Skillone,skilltwo","STAR MATHS 1,Numbers",1
CBSE,Class 1,Mathematics,Star Maths,Chapter 1. Numbers,,,Multiple Choice Question (QPG) Test Paper,Put the correct sign in the blanks: 83 _______ 100.,N/A,>,#ERROR!,<,#,,Other,Hard,Test Learning Outcome 1,"Skillone,skilltwo","STAR MATHS 1,Numbers",1
CBSE,Class 1,Mathematics,Star Maths,Chapter 1. Numbers,,,Multiple Choice Question (QPG) Test Paper,The number name for 27 is :,N/A,Twenty five,Twenty six,Twenty seven,Twenty eight,,Other,Hard,Test Learning Outcome 1,"Skillone,skilltwo","STAR MATHS 1,Numbers",1
CBSE,Class 1,Mathematics,Star Maths,Chapter 1. Numbers,,,Multiple Choice Question (QPG) Test Paper,The number which comes just after 52 is :,N/A,53,51,54,50,,Other,Hard,Test Learning Outcome 1,"Skillone,skilltwo","STAR MATHS 1,Numbers",1
CBSE,Class 1,Mathematics,Star Maths,Chapter 1. Numbers,,,Multiple Choice Question (QPG) Test Paper,The number which comes just after 52 is.,N/A,53,51,54,50,,Other,Hard,Test Learning Outcome 1,"Skillone,skilltwo","STAR MATHS 1,Numbers",1
CBSE,Class 1,Mathematics,Star Maths,Chapter 1. Numbers,,,Multiple Choice Question (QPG) Test Paper,What is the place value of 7 in 67 ?,N/A,70,7,700,None of the above,,Other,Hard,Test Learning Outcome 1,"Skillone,skilltwo","STAR MATHS 1,Numbers",1
CBSE,Class 1,Mathematics,Star Maths,Chapter 1. Numbers,,,Multiple Choice Question (QPG) Test Paper,What is the place value of 7 in 67 ?,N/A,70,7,700,None of the above,,Other,Hard,Test Learning Outcome 1,"Skillone,skilltwo","STAR MATHS 1,Numbers",1
CBSE,Class 1,Mathematics,Star Maths,Chapter 1. Numbers,,,Multiple Choice Question (QPG) Test Paper,What is the place value of 7 in75 ?,N/A,70,5,75,57,,Other,Hard,Test Learning Outcome 1,"Skillone,skilltwo","STAR MATHS 1,Numbers",1
CBSE,Class 1,Mathematics,Star Maths,Chapter 1. Numbers,,,Multiple Choice Question (QPG) Test Paper,"Which of the following is the biggest number among 18, 21, 57, 49, 59 ?",N/A,59,57,49,21,,Other,Hard,Test Learning Outcome 1,"Skillone,skilltwo","STAR MATHS 1,Numbers",1
CBSE,Class 1,Mathematics,Star Maths,Chapter 1. Numbers,,,Multiple Choice Question (QPG) Test Paper,"Which of the following is the smallest number among 57, 70, 7, 27, 77 ?",N/A,7,27,70,77,,Other,Hard,Test Learning Outcome 1,"Skillone,skilltwo","STAR MATHS 1,Numbers",1
CBSE,Class 1,Mathematics,Star Maths,Chapter 1. Numbers,,,Multiple Choice Question (QPG) Test Paper,Which of the following number comes after 99 ?,N/A,90,98,95,100,,Other,Hard,Test Learning Outcome 1,"Skillone,skilltwo","STAR MATHS 1,Numbers",1
CBSE,Class 1,Mathematics,Star Maths,Chapter 1. Numbers,,,Multiple Choice Question (QPG) Test Paper,Write the cardinal name for 11th,N/A,Eleven,Eleventh,Tenth,None of the above,,Other,Hard,Test Learning Outcome 1,"Skillone,skilltwo","STAR MATHS 1,Numbers",1
CBSE,Class 1,Mathematics,Star Maths,Chapter 1. Numbers,,,Multiple Choice Question (QPG) Test Paper,Write the cardinal name for 11th.,N/A,Eleven,Eleventh,Tenth,None of the above,,Other,Hard,Test Learning Outcome 1,"Skillone,skilltwo","STAR MATHS 1,Numbers",1
CBSE,Class 1,Mathematics,Star Maths,Chapter 1. Numbers,,,Multiple Choice Question (QPG) Test Paper,"Write the number name for ""100"".",N/A,one hundrad,one hundread,one hundarad,one hundred,,Other,Hard,Test Learning Outcome 1,"Skillone,skilltwo","STAR MATHS 1,Numbers",1
CBSE,Class 1,Mathematics,Star Maths,Chapter 1. Numbers,,,Multiple Choice Question (QPG) Test Paper,Write the ordinal number for eight.,N/A,7th,8th,9th,10th,,Other,Hard,Test Learning Outcome 1,"Skillone,skilltwo","STAR MATHS 1,Numbers",1
CBSE,Class 1,Mathematics,Star Maths,Chapter 1. Numbers,,,Short Answer Questions (QPG),"Arrange in decreasing order 15, 75, 34, 39, 77, 21",N/A,,,,,,Other,Hard,Test Learning Outcome 1,"Skillone,skilltwo","STAR MATHS 1,Numbers",1
CBSE,Class 1,Mathematics,Star Maths,Chapter 1. Numbers,,,Short Answer Questions (QPG),"Arrange in decreasing order 63, 94, 44, 41, 65, 79",N/A,,,,,,Other,Hard,Test Learning Outcome 1,"Skillone,skilltwo","STAR MATHS 1,Numbers",1
CBSE,Class 1,Mathematics,Star Maths,Chapter 1. Numbers,,,Short Answer Questions (QPG),"Arrange in decreasing order 71, 33, 84, 52, 38, 28",N/A,,,,,,Other,Hard,Test Learning Outcome 1,"Skillone,skilltwo","STAR MATHS 1,Numbers",1
CBSE,Class 1,Mathematics,Star Maths,Chapter 1. Numbers,,,Short Answer Questions (QPG),"Arrange in increasing order 37, 28, 52, 43, 13, 81",N/A,,,,,,Other,Hard,Test Learning Outcome 1,"Skillone,skilltwo","STAR MATHS 1,Numbers",1
CBSE,Class 1,Mathematics,Star Maths,Chapter 1. Numbers,,,Short Answer Questions (QPG),"Arrange in increasing order 65, 35, 25, 45, 75, 15",N/A,,,,,,Other,Hard,Test Learning Outcome 1,"Skillone,skilltwo","STAR MATHS 1,Numbers",1
CBSE,Class 1,Mathematics,Star Maths,Chapter 1. Numbers,,,Short Answer Questions (QPG),"Arrange in increasing order 91, 97, 93, 99, 90, 96",N/A,,,,,,Other,Hard,Test Learning Outcome 1,"Skillone,skilltwo","STAR MATHS 1,Numbers",1
CBSE,Class 1,Mathematics,Star Maths,Chapter 1. Numbers,,,Short Answer Questions (QPG),"Arrange the following in decreasing order : 32, 12, 45, 29, 30.",N/A,,,,,,Other,Hard,Test Learning Outcome 1,"Skillone,skilltwo","STAR MATHS 1,Numbers",1
CBSE,Class 1,Mathematics,Star Maths,Chapter 1. Numbers,,,Short Answer Questions (QPG),"Arrange the following in increasing order : 32, 46, 11, 9, 51.",N/A,,,,,,Other,Hard,Test Learning Outcome 1,"Skillone,skilltwo","STAR MATHS 1,Numbers",1
CBSE,Class 1,Mathematics,Star Maths,Chapter 1. Numbers,,,Short Answer Questions (QPG),"Skip counting of 10's 20, 30, ___________, _________, _________, __________.",N/A,,,,,,Other,Hard,Test Learning Outcome 1,"Skillone,skilltwo","STAR MATHS 1,Numbers",1
CBSE,Class 1,Mathematics,Star Maths,Chapter 1. Numbers,,,Short Answer Questions (QPG),"Skip counting of 10's 27, 37, ________, _______, ______, _________.",N/A,,,,,,Other,Hard,Test Learning Outcome 1,"Skillone,skilltwo","STAR MATHS 1,Numbers",1
CBSE,Class 1,Mathematics,Star Maths,Chapter 1. Numbers,,,Short Answer Questions (QPG),"Skip counting of 2's 28, 30, _______, _________, ________, __________",N/A,,,,,,Other,Hard,Test Learning Outcome 1,"Skillone,skilltwo","STAR MATHS 1,Numbers",1
CBSE,Class 1,Mathematics,Star Maths,Chapter 1. Numbers,,,Short Answer Questions (QPG),"Skip counting of 2's 69, 71, _______, _________, ________, __________",N/A,,,,,,Other,Hard,Test Learning Outcome 1,"Skillone,skilltwo","STAR MATHS 1,Numbers",1
CBSE,Class 1,Mathematics,Star Maths,Chapter 1. Numbers,,,Short Answer Questions (QPG),"Skip counting of 5's 38, 43, ________, _____________, ___________, _________.",N/A,,,,,,Other,Hard,Test Learning Outcome 1,"Skillone,skilltwo","STAR MATHS 1,Numbers",1
CBSE,Class 1,Mathematics,Star Maths,Chapter 1. Numbers,,,Short Answer Questions (QPG),"Skip counting of 5's 45, 50, ___________, ____________, _________, ________.",N/A,,,,,,Other,Hard,Test Learning Outcome 1,"Skillone,skilltwo","STAR MATHS 1,Numbers",1
CBSE,Class 1,Mathematics,Star Maths,Chapter 1. Numbers,,,Short Answer Questions (QPG),"Which of the following is the greatest number name : 21, 35, 11, 27, 39 ?",N/A,,,,,,Other,Hard,Test Learning Outcome 1,"Skillone,skilltwo","STAR MATHS 1,Numbers",1
CBSE,Class 1,Mathematics,Star Maths,Chapter 1. Numbers,,,Short Answer Questions (QPG),"Which of the following is the smallest number : 29, 44, 21, 70, 67 ?",N/A,,,,,,Other,Hard,Test Learning Outcome 1,"Skillone,skilltwo","STAR MATHS 1,Numbers",1
CBSE,Class 1,Mathematics,Star Maths,Chapter 1. Numbers,,,Short Answer Questions (QPG),Write cardinal number of ninth ________,N/A,,,,,,Other,Hard,Test Learning Outcome 1,"Skillone,skilltwo","STAR MATHS 1,Numbers",1
CBSE,Class 1,Mathematics,Star Maths,Chapter 1. Numbers,,,Short Answer Questions (QPG),Write cardinal number of sixth ___________,N/A,,,,,,Other,Hard,Test Learning Outcome 1,"Skillone,skilltwo","STAR MATHS 1,Numbers",1
CBSE,Class 1,Mathematics,Star Maths,Chapter 1. Numbers,,,Short Answer Questions (QPG),Write cardinal number of third __________,N/A,,,,,,Other,Hard,Test Learning Outcome 1,"Skillone,skilltwo","STAR MATHS 1,Numbers",1
CBSE,Class 1,Mathematics,Star Maths,Chapter 1. Numbers,,,Short Answer Questions (QPG),Write ordinal number 5 _______,N/A,,,,,,Other,Hard,Test Learning Outcome 1,"Skillone,skilltwo","STAR MATHS 1,Numbers",1
CBSE,Class 1,Mathematics,Star Maths,Chapter 1. Numbers,,,Short Answer Questions (QPG),Write ordinal number of 1 ______,N/A,,,,,,Other,Hard,Test Learning Outcome 1,"Skillone,skilltwo","STAR MATHS 1,Numbers",1
CBSE,Class 1,Mathematics,Star Maths,Chapter 1. Numbers,,,Short Answer Questions (QPG),Write ordinal number of 8 ______,N/A,,,,,,Other,Hard,Test Learning Outcome 1,"Skillone,skilltwo","STAR MATHS 1,Numbers",1
CBSE,Class 1,Mathematics,Star Maths,Chapter 1. Numbers,,,Short Answer Questions (QPG),Write the number name for 100.,N/A,,,,,,Other,Hard,Test Learning Outcome 1,"Skillone,skilltwo","STAR MATHS 1,Numbers",1
CBSE,Class 1,Mathematics,Star Maths,Chapter 1. Numbers,,,Short Answer Questions (QPG),Write the numeral for seventeen.,N/A,,,,,,Other,Hard,Test Learning Outcome 1,"Skillone,skilltwo","STAR MATHS 1,Numbers",1
CBSE,Class 1,Mathematics,Star Maths,Chapter 1. Numbers,,,Short Answer Questions (QPG),Write the ordinal number for 12.,N/A,,,,,,Other,Hard,Test Learning Outcome 1,"Skillone,skilltwo","STAR MATHS 1,Numbers",1
CBSE,Class 1,Mathematics,Star Maths,Chapter 1. Numbers,,,True or False (QPG),23 is 2 tens and 3 ones.,N/A,,,,,,Other,Hard,Test Learning Outcome 1,"Skillone,skilltwo","STAR MATHS 1,Numbers",1
CBSE,Class 1,Mathematics,Star Maths,Chapter 1. Numbers,,,True or False (QPG),"23 is the biggest number among 33, 11, 23, 20, 10.",N/A,,,,,,Other,Hard,Test Learning Outcome 1,"Skillone,skilltwo","STAR MATHS 1,Numbers",1
CBSE,Class 1,Mathematics,Star Maths,Chapter 1. Numbers,,,True or False (QPG),"24 is the smallest number among 34, 31, 24, 29, 30.",N/A,,,,,,Other,Hard,Test Learning Outcome 1,"Skillone,skilltwo","STAR MATHS 1,Numbers",1
CBSE,Class 1,Mathematics,Star Maths,Chapter 1. Numbers,,,True or False (QPG),27 = 20 + 7,N/A,,,,,,Other,Hard,Test Learning Outcome 1,"Skillone,skilltwo","STAR MATHS 1,Numbers",1
CBSE,Class 1,Mathematics,Star Maths,Chapter 1. Numbers,,,True or False (QPG),4 is more than 7.,N/A,,,,,,Other,Hard,Test Learning Outcome 1,"Skillone,skilltwo","STAR MATHS 1,Numbers",1
CBSE,Class 1,Mathematics,Star Maths,Chapter 1. Numbers,,,True or False (QPG),63 comes before 65.,N/A,,,,,,Other,Hard,Test Learning Outcome 1,"Skillone,skilltwo","STAR MATHS 1,Numbers",1
CBSE,Class 1,Mathematics,Star Maths,Chapter 1. Numbers,,,True or False (QPG),79 is 7 tens and 9 ones.,N/A,,,,,,Other,Hard,Test Learning Outcome 1,"Skillone,skilltwo","STAR MATHS 1,Numbers",1
CBSE,Class 1,Mathematics,Star Maths,Chapter 1. Numbers,,,True or False (QPG),98 = 90 + 8.,N/A,,,,,,Other,Hard,Test Learning Outcome 1,"Skillone,skilltwo","STAR MATHS 1,Numbers",1
CBSE,Class 1,Mathematics,Star Maths,Chapter 1. Numbers,,,True or False (QPG),"In 81, the place value of 1 is 1.",N/A,,,,,,Other,Hard,Test Learning Outcome 1,"Skillone,skilltwo","STAR MATHS 1,Numbers",1
CBSE,Class 1,Mathematics,Star Maths,Chapter 4. Subtraction,,, Fill in the blank (QPG),17-17 = ________,N/A,,,,,,Other,Hard,Test Learning Outcome 1,"Skillone,skilltwo","STAR MATHS 1,Subtraction",1
CBSE,Class 1,Mathematics,Star Maths,Chapter 4. Subtraction,,, Fill in the blank (QPG),20-10 = ___________,N/A,,,,,,Other,Hard,Test Learning Outcome 1,"Skillone,skilltwo","STAR MATHS 1,Subtraction",1
CBSE,Class 1,Mathematics,Star Maths,Chapter 4. Subtraction,,, Fill in the blank (QPG),25-2 = _______________,N/A,,,,,,Other,Hard,Test Learning Outcome 1,"Skillone,skilltwo","STAR MATHS 1,Subtraction",1
CBSE,Class 1,Mathematics,Star Maths,Chapter 4. Subtraction,,, Fill in the blank (QPG),28-18 = _____________,N/A,,,,,,Other,Hard,Test Learning Outcome 1,"Skillone,skilltwo","STAR MATHS 1,Subtraction",1
CBSE,Class 1,Mathematics,Star Maths,Chapter 4. Subtraction,,, Fill in the blank (QPG),37-15 = _____________,N/A,,,,,,Other,Hard,Test Learning Outcome 1,"Skillone,skilltwo","STAR MATHS 1,Subtraction",1
CBSE,Class 1,Mathematics,Star Maths,Chapter 4. Subtraction,,, Fill in the blank (QPG),39-15 = _____________,N/A,,,,,,Other,Hard,Test Learning Outcome 1,"Skillone,skilltwo","STAR MATHS 1,Subtraction",1
CBSE,Class 1,Mathematics,Star Maths,Chapter 4. Subtraction,,, Fill in the blank (QPG),4-2 = ________,N/A,,,,,,Other,Hard,Test Learning Outcome 1,"Skillone,skilltwo","STAR MATHS 1,Subtraction",1
CBSE,Class 1,Mathematics,Star Maths,Chapter 4. Subtraction,,, Fill in the blank (QPG),45-20 = ___________,N/A,,,,,,Other,Hard,Test Learning Outcome 1,"Skillone,skilltwo","STAR MATHS 1,Subtraction",1
CBSE,Class 1,Mathematics,Star Maths,Chapter 4. Subtraction,,, Fill in the blank (QPG),47-3 = _______________,N/A,,,,,,Other,Hard,Test Learning Outcome 1,"Skillone,skilltwo","STAR MATHS 1,Subtraction",1
CBSE,Class 1,Mathematics,Star Maths,Chapter 4. Subtraction,,, Fill in the blank (QPG),48-3 = _______________,N/A,,,,,,Other,Hard,Test Learning Outcome 1,"Skillone,skilltwo","STAR MATHS 1,Subtraction",1
CBSE,Class 1,Mathematics,Star Maths,Chapter 4. Subtraction,,, Fill in the blank (QPG),51-50 = _____________,N/A,,,,,,Other,Hard,Test Learning Outcome 1,"Skillone,skilltwo","STAR MATHS 1,Subtraction",1
CBSE,Class 1,Mathematics,Star Maths,Chapter 4. Subtraction,,, Fill in the blank (QPG),56-5 = _______________,N/A,,,,,,Other,Hard,Test Learning Outcome 1,"Skillone,skilltwo","STAR MATHS 1,Subtraction",1
CBSE,Class 1,Mathematics,Star Maths,Chapter 4. Subtraction,,, Fill in the blank (QPG),59-2 = _______________,N/A,,,,,,Other,Hard,Test Learning Outcome 1,"Skillone,skilltwo","STAR MATHS 1,Subtraction",1
CBSE,Class 1,Mathematics,Star Maths,Chapter 4. Subtraction,,, Fill in the blank (QPG),64-1 = _______________,N/A,,,,,,Other,Hard,Test Learning Outcome 1,"Skillone,skilltwo","STAR MATHS 1,Subtraction",1
CBSE,Class 1,Mathematics,Star Maths,Chapter 4. Subtraction,,, Fill in the blank (QPG),64-13 = _____________,N/A,,,,,,Other,Hard,Test Learning Outcome 1,"Skillone,skilltwo","STAR MATHS 1,Subtraction",1
CBSE,Class 1,Mathematics,Star Maths,Chapter 4. Subtraction,,, Fill in the blank (QPG),66-4 = _______________,N/A,,,,,,Other,Hard,Test Learning Outcome 1,"Skillone,skilltwo","STAR MATHS 1,Subtraction",1
CBSE,Class 1,Mathematics,Star Maths,Chapter 4. Subtraction,,, Fill in the blank (QPG),67-32 = _______________,N/A,,,,,,Other,Hard,Test Learning Outcome 1,"Skillone,skilltwo","STAR MATHS 1,Subtraction",1
CBSE,Class 1,Mathematics,Star Maths,Chapter 4. Subtraction,,, Fill in the blank (QPG),71-31 = _____________,N/A,,,,,,Other,Hard,Test Learning Outcome 1,"Skillone,skilltwo","STAR MATHS 1,Subtraction",1
CBSE,Class 1,Mathematics,Star Maths,Chapter 4. Subtraction,,, Fill in the blank (QPG),7-2 = ____________,N/A,,,,,,Other,Hard,Test Learning Outcome 1,"Skillone,skilltwo","STAR MATHS 1,Subtraction",1
CBSE,Class 1,Mathematics,Star Maths,Chapter 4. Subtraction,,, Fill in the blank (QPG),75-31 = _______________,N/A,,,,,,Other,Hard,Test Learning Outcome 1,"Skillone,skilltwo","STAR MATHS 1,Subtraction",1
CBSE,Class 1,Mathematics,Star Maths,Chapter 4. Subtraction,,, Fill in the blank (QPG),77-3 = _______________,N/A,,,,,,Other,Hard,Test Learning Outcome 1,"Skillone,skilltwo","STAR MATHS 1,Subtraction",1
CBSE,Class 1,Mathematics,Star Maths,Chapter 4. Subtraction,,, Fill in the blank (QPG),78-15 = _____________,N/A,,,,,,Other,Hard,Test Learning Outcome 1,"Skillone,skilltwo","STAR MATHS 1,Subtraction",1
CBSE,Class 1,Mathematics,Star Maths,Chapter 4. Subtraction,,, Fill in the blank (QPG),78-7 = _______________,N/A,,,,,,Other,Hard,Test Learning Outcome 1,"Skillone,skilltwo","STAR MATHS 1,Subtraction",1
CBSE,Class 1,Mathematics,Star Maths,Chapter 4. Subtraction,,, Fill in the blank (QPG),8 glasses - 2 glasses = ________glasses.,N/A,,,,,,Other,Hard,Test Learning Outcome 1,"Skillone,skilltwo","STAR MATHS 1,Subtraction",1
CBSE,Class 1,Mathematics,Star Maths,Chapter 4. Subtraction,,, Fill in the blank (QPG),8-0 = _________,N/A,,,,,,Other,Hard,Test Learning Outcome 1,"Skillone,skilltwo","STAR MATHS 1,Subtraction",1
CBSE,Class 1,Mathematics,Star Maths,Chapter 4. Subtraction,,, Fill in the blank (QPG),88-4 = _______________,N/A,,,,,,Other,Hard,Test Learning Outcome 1,"Skillone,skilltwo","STAR MATHS 1,Subtraction",1
CBSE,Class 1,Mathematics,Star Maths,Chapter 4. Subtraction,,, Fill in the blank (QPG),88-62 = _______________,N/A,,,,,,Other,Hard,Test Learning Outcome 1,"Skillone,skilltwo","STAR MATHS 1,Subtraction",1
CBSE,Class 1,Mathematics,Star Maths,Chapter 4. Subtraction,,, Fill in the blank (QPG),88-7 = _______________,N/A,,,,,,Other,Hard,Test Learning Outcome 1,"Skillone,skilltwo","STAR MATHS 1,Subtraction",1
CBSE,Class 1,Mathematics,Star Maths,Chapter 4. Subtraction,,, Fill in the blank (QPG),88-74 = _____________,N/A,,,,,,Other,Hard,Test Learning Outcome 1,"Skillone,skilltwo","STAR MATHS 1,Subtraction",1
CBSE,Class 1,Mathematics,Star Maths,Chapter 4. Subtraction,,, Fill in the blank (QPG),89-63 = _______________,N/A,,,,,,Other,Hard,Test Learning Outcome 1,"Skillone,skilltwo","STAR MATHS 1,Subtraction",1
CBSE,Class 1,Mathematics,Star Maths,Chapter 4. Subtraction,,, Fill in the blank (QPG),89-63 = _______________,N/A,,,,,,Other,Hard,Test Learning Outcome 1,"Skillone,skilltwo","STAR MATHS 1,Subtraction",1
CBSE,Class 1,Mathematics,Star Maths,Chapter 4. Subtraction,,, Fill in the blank (QPG),90-40 = ______________,N/A,,,,,,Other,Hard,Test Learning Outcome 1,"Skillone,skilltwo","STAR MATHS 1,Subtraction",1
CBSE,Class 1,Mathematics,Star Maths,Chapter 4. Subtraction,,, Fill in the blank (QPG),91-20 = _____________,N/A,,,,,,Other,Hard,Test Learning Outcome 1,"Skillone,skilltwo","STAR MATHS 1,Subtraction",1
CBSE,Class 1,Mathematics,Star Maths,Chapter 4. Subtraction,,, Fill in the blank (QPG),9-9 = __________,N/A,,,,,,Other,Hard,Test Learning Outcome 1,"Skillone,skilltwo","STAR MATHS 1,Subtraction",1
CBSE,Class 1,Mathematics,Star Maths,Chapter 4. Subtraction,,, Fill in the blank (QPG),99-0 = _______________,N/A,,,,,,Other,Hard,Test Learning Outcome 1,"Skillone,skilltwo","STAR MATHS 1,Subtraction",1
CBSE,Class 1,Mathematics,Star Maths,Chapter 4. Subtraction,,,Multiple Choice Question (QPG) Test Paper,15-5 is equl to,N/A,5,1,10,0,,Other,Hard,Test Learning Outcome 1,"Skillone,skilltwo","STAR MATHS 1,Subtraction",1
CBSE,Class 1,Mathematics,Star Maths,Chapter 4. Subtraction,,,Multiple Choice Question (QPG) Test Paper,Dwij spent 5 rupees from 15 rupees. he is left with :,N/A,10 rupees,15 rupees,7 rupees,0 rupees,,Other,Hard,Test Learning Outcome 1,"Skillone,skilltwo","STAR MATHS 1,Subtraction",1
CBSE,Class 1,Mathematics,Star Maths,Chapter 4. Subtraction,,,Multiple Choice Question (QPG) Test Paper,solve : 13-3 = ?,N/A,10,7,5,8,,Other,Hard,Test Learning Outcome 1,"Skillone,skilltwo","STAR MATHS 1,Subtraction",1
CBSE,Class 1,Mathematics,Star Maths,Chapter 4. Subtraction,,,Multiple Choice Question (QPG) Test Paper,subtract :11-1 = ?,N/A,0,1,6,10,,Other,Hard,Test Learning Outcome 1,"Skillone,skilltwo","STAR MATHS 1,Subtraction",1
CBSE,Class 1,Mathematics,Star Maths,Chapter 4. Subtraction,,,Multiple Choice Question (QPG) Test Paper,Subtraction is denoted by ________ sign.,N/A,#ERROR!,×,?,÷,,Other,Hard,Test Learning Outcome 1,"Skillone,skilltwo","STAR MATHS 1,Subtraction",1
CBSE,Class 1,Mathematics,Star Maths,Chapter 4. Subtraction,,,Multiple Choice Question (QPG) Test Paper,which one of the following options is correct ?,N/A,9-7 = 7,12-0 = 0,5-1 = 3,12-2 = 12,,Other,Hard,Test Learning Outcome 1,"Skillone,skilltwo","STAR MATHS 1,Subtraction",1
CBSE,Class 1,Mathematics,Star Maths,Chapter 4. Subtraction,,,Short Answer Questions (QPG),78 students registered their names for an educational trip. later 8 students did not join. how many students went for the trip ?,N/A,,,,,,Other,Hard,Test Learning Outcome 1,"Skillone,skilltwo","STAR MATHS 1,Subtraction",1
CBSE,Class 1,Mathematics,Star Maths,Chapter 4. Subtraction,,,Short Answer Questions (QPG),A fruit-seller had 89 watermelons and and muskmelons. out of them 47 were watermelons. find the number of muskmelons the fruit-seller have.,N/A,,,,,,Other,Hard,Test Learning Outcome 1,"Skillone,skilltwo","STAR MATHS 1,Subtraction",1
CBSE,Class 1,Mathematics,Star Maths,Chapter 4. Subtraction,,,Short Answer Questions (QPG),Joe had 65 kiwi fruits. he gave 5 kiwi fruits to his friend. how many fruits are left with him?,N/A,,,,,,Other,Hard,Test Learning Outcome 1,"Skillone,skilltwo","STAR MATHS 1,Subtraction",1
CBSE,Class 1,Mathematics,Star Maths,Chapter 4. Subtraction,,,Short Answer Questions (QPG),"There are 79 students in a class. if 63 students were present, find how many students were absent ?",N/A,,,,,,Other,Hard,Test Learning Outcome 1,"Skillone,skilltwo","STAR MATHS 1,Subtraction",1
CBSE,Class 1,Mathematics,Star Maths,Chapter 4. Subtraction,,,Short Answer Questions (QPG),There were 54 bags out of these 21 were of red colour and rest are of blue colour. find the blue bags.,N/A,,,,,,Other,Hard,Test Learning Outcome 1,"Skillone,skilltwo","STAR MATHS 1,Subtraction",1
CBSE,Class 1,Mathematics,Star Maths,Chapter 4. Subtraction,,,Short Answer Questions (QPG),There were 59 screws in a box. out of these 4 were defective. find how many were non-defective.,N/A,,,,,,Other,Hard,Test Learning Outcome 1,"Skillone,skilltwo","STAR MATHS 1,Subtraction",1
CBSE,Class 3,Mathematics,Star Maths,Chapter 2. Addition,,,Multiple Choice Question (QPG) Test Paper,Add : 1732 + 0 =_____,N/A,0,1732,1372,1730,,Other,Hard,Test Learning Outcome 1,"Skillone,skilltwo","STAR MATHS 3,Addition",1
CBSE,Class 3,Mathematics,Star Maths,Chapter 2. Addition,,,Multiple Choice Question (QPG) Test Paper,Add : 2237 + 0 =_____,N/A,0,2237,2230,1137,,Other,Hard,Test Learning Outcome 1,"Skillone,skilltwo","STAR MATHS 3,Addition",1
CBSE,Class 3,Mathematics,Star Maths,Chapter 2. Addition,,,Multiple Choice Question (QPG) Test Paper,Add : 4013 + 347 = ______,N/A,4926,4013,4360,4630,,Other,Hard,Test Learning Outcome 1,"Skillone,skilltwo","STAR MATHS 3,Addition",1
CBSE,Class 3,Mathematics,Star Maths,Chapter 2. Addition,,,Multiple Choice Question (QPG) Test Paper,Add : 5131 + 465 = ______,N/A,5569,5696,5596,5590,,Other,Hard,Test Learning Outcome 1,"Skillone,skilltwo","STAR MATHS 3,Addition",1
CBSE,Class 3,Mathematics,Star Maths,Chapter 2. Addition,,,Multiple Choice Question (QPG) Test Paper,Add: 4563 + 245 + 4 = ____,N/A,4812,4182,4218,4822,,Other,Hard,Test Learning Outcome 1,"Skillone,skilltwo","STAR MATHS 3,Addition",1
CBSE,Class 3,Mathematics,Star Maths,Chapter 2. Addition,,,Multiple Choice Question (QPG) Test Paper,Add: 7025 + 136 + 6 = ____,N/A,7167,7617,7717,7616,,Other,Hard,Test Learning Outcome 1,"Skillone,skilltwo","STAR MATHS 3,Addition",1
CBSE,Class 3,Mathematics,Star Maths,Chapter 2. Addition,,,Multiple Choice Question (QPG) Test Paper,"Rekha completes her project in 6 hours, Megha completes the same project in 2 hours and Payal completes the project in 3 hours. In all how many hours do the girls take to complete their project",N/A,10,11,12,14,,Other,Hard,Test Learning Outcome 1,"Skillone,skilltwo","STAR MATHS 3,Addition",1
CBSE,Class 3,Mathematics,Star Maths,Chapter 2. Addition,,,Multiple Choice Question (QPG) Test Paper,The sum of largest 3 digit number and smallest 2 digit number is ____,N/A,909,1009,1019,989,,Other,Hard,Test Learning Outcome 1,"Skillone,skilltwo","STAR MATHS 3,Addition",1
CBSE,Class 3,Mathematics,Star Maths,Chapter 2. Addition,,,Multiple Choice Question (QPG) Test Paper,The sum of smallest 3 digit number and largest 2 digit number is ____,N/A,109,199,119,189,,Other,Hard,Test Learning Outcome 1,"Skillone,skilltwo","STAR MATHS 3,Addition",1
CBSE,Class 3,Mathematics,Star Maths,Chapter 2. Addition,,,Multiple Choice Question (QPG) Test Paper,"The weight of 3 bags is 185 kg, 342 kg and 233 kg. The total weight of all 3 bags is ______.",N/A,732 kg,760 kg,720 kg,680 kg,,Other,Hard,Test Learning Outcome 1,"Skillone,skilltwo","STAR MATHS 3,Addition",1
CBSE,Class 3,Mathematics,Star Maths,Chapter 2. Addition,,,Multiple Choice Question (QPG) Test Paper,"The weight of 3 bags is 342 kg, 245 kg and 145 kg. The total weight of all 3 bags is ______.",N/A,632 kg,732 kg,642 kg,742 kg,,Other,Hard,Test Learning Outcome 1,"Skillone,skilltwo","STAR MATHS 3,Addition",1
CBSE,Class 3,Mathematics,Star Maths,Chapter 2. Addition,,,Multiple Choice Question (QPG) Test Paper,"The weight of 4 bags is 343 g, 216 g, 102 g, 27 g. What is the total weight of all bags ?",N/A,688,588,758,658,,Other,Hard,Test Learning Outcome 1,"Skillone,skilltwo","STAR MATHS 3,Addition",1
CBSE,Class 3,Mathematics,Star Maths,Chapter 2. Addition,,,Multiple Choice Question (QPG) Test Paper,"The weight of 4 bags is 432 g, 165 g, 95 g, 43 g. What is the total weight of all bags ?",N/A,745 g,735 g,845 g,835 g,,Other,Hard,Test Learning Outcome 1,"Skillone,skilltwo","STAR MATHS 3,Addition",1
CBSE,Class 3,Mathematics,Star Maths,Chapter 2. Addition,,,Multiple Choice Question (QPG) Test Paper,"Veena completes her project in 3 hours, Beena completes the same project in 4 hours and Teena completes the project in 5 hours. In all how many hours do the girls take to complete their project ?",N/A,10,11,12,14,,Other,Hard,Test Learning Outcome 1,"Skillone,skilltwo","STAR MATHS 3,Addition",1
CBSE,Class 3,Mathematics,Star Maths,Chapter 2. Addition,,,Short Answer Questions (QPG),Find the sum. 3 1 3 4 + 1 2 4 2 = ______________.,N/A,,,,,,Other,Hard,Test Learning Outcome 1,"Skillone,skilltwo","STAR MATHS 3,Addition",1
CBSE,Class 3,Mathematics,Star Maths,Chapter 2. Addition,,,Short Answer Questions (QPG),Find the sum. 2 3 1 5 + 5 2 2 5 = ______________.,N/A,,,,,,Other,Hard,Test Learning Outcome 1,"Skillone,skilltwo","STAR MATHS 3,Addition",1
CBSE,Class 3,Mathematics,Star Maths,Chapter 2. Addition,,,Short Answer Questions (QPG),Solve the following. - In a bag there were 154 red marbles and 629 black marbles. Find the total number of marbles in the bag.,N/A,,,,,,Other,Hard,Test Learning Outcome 1,"Skillone,skilltwo","STAR MATHS 3,Addition",1
CBSE,Class 3,Mathematics,Star Maths,Chapter 2. Addition,,,Short Answer Questions (QPG),Find the sum. 1 9 2 3 + 6 2 5 4 = ______________.,N/A,,,,,,Other,Hard,Test Learning Outcome 1,"Skillone,skilltwo","STAR MATHS 3,Addition",1
CBSE,Class 3,Mathematics,Star Maths,Chapter 2. Addition,,,Short Answer Questions (QPG),Find the sum. 3 4 1 5 + 3 3 4 2 = ______________.,N/A,,,,,,Other,Hard,Test Learning Outcome 1,"Skillone,skilltwo","STAR MATHS 3,Addition",1
CBSE,Class 3,Mathematics,Star Maths,Chapter 2. Addition,,,Short Answer Questions (QPG),Find the sum. 3 4 6 1 + 4 2 4 4 = ______________.,N/A,,,,,,Other,Hard,Test Learning Outcome 1,"Skillone,skilltwo","STAR MATHS 3,Addition",1
CBSE,Class 3,Mathematics,Star Maths,Chapter 2. Addition,,,Short Answer Questions (QPG),Find the sum. 3 2 1 5 + 4 3 2 3 = ______________.,N/A,,,,,,Other,Hard,Test Learning Outcome 1,"Skillone,skilltwo","STAR MATHS 3,Addition",1
CBSE,Class 3,Mathematics,Star Maths,Chapter 2. Addition,,,Short Answer Questions (QPG),Find the sum. 4 2 3 1 + 1 4 2 3 = ______________.,N/A,,,,,,Other,Hard,Test Learning Outcome 1,"Skillone,skilltwo","STAR MATHS 3,Addition",1
CBSE,Class 3,Mathematics,Star Maths,Chapter 2. Addition,,,Short Answer Questions (QPG),Find the sum. 1 2 1 3 + 2 4 4 5 = ______________.,N/A,,,,,,Other,Hard,Test Learning Outcome 1,"Skillone,skilltwo","STAR MATHS 3,Addition",1
CBSE,Class 3,Mathematics,Star Maths,Chapter 2. Addition,,,Short Answer Questions (QPG),Find the sum. 4 2 6 7 + 2 1 3 4 = ______________.,N/A,,,,,,Other,Hard,Test Learning Outcome 1,"Skillone,skilltwo","STAR MATHS 3,Addition",1
CBSE,Class 3,Mathematics,Star Maths,Chapter 2. Addition,,,Short Answer Questions (QPG),Find the sum. 2 1 5 1 + 4 3 2 3 = ______________.,N/A,,,,,,Other,Hard,Test Learning Outcome 1,"Skillone,skilltwo","STAR MATHS 3,Addition",1
CBSE,Class 3,Mathematics,Star Maths,Chapter 2. Addition,,,Short Answer Questions (QPG),Find the sum. 3 2 4 4 + 2 4 3 4 = ______________.,N/A,,,,,,Other,Hard,Test Learning Outcome 1,"Skillone,skilltwo","STAR MATHS 3,Addition",1
CBSE,Class 3,Mathematics,Star Maths,Chapter 2. Addition,,,Short Answer Questions (QPG),Find the sum. 4 2 1 5 + 4 1 5 3 = ______________.,N/A,,,,,,Other,Hard,Test Learning Outcome 1,"Skillone,skilltwo","STAR MATHS 3,Addition",1
CBSE,Class 3,Mathematics,Star Maths,Chapter 2. Addition,,,Short Answer Questions (QPG),Find the sum. 2 3 1 4 + 2 2 4 3 = ______________.,N/A,,,,,,Other,Hard,Test Learning Outcome 1,"Skillone,skilltwo","STAR MATHS 3,Addition",1
CBSE,Class 3,Mathematics,Star Maths,Chapter 2. Addition,,,Short Answer Questions (QPG),Find the sum. 6 1 2 4 + 2 4 1 2 = ______________.,N/A,,,,,,Other,Hard,Test Learning Outcome 1,"Skillone,skilltwo","STAR MATHS 3,Addition",1
CBSE,Class 3,Mathematics,Star Maths,Chapter 2. Addition,,,Short Answer Questions (QPG),Find the sum. 2 1 3 1 + 4 2 3 4 = ______________.,N/A,,,,,,Other,Hard,Test Learning Outcome 1,"Skillone,skilltwo","STAR MATHS 3,Addition",1
CBSE,Class 3,Mathematics,Star Maths,Chapter 2. Addition,,,Short Answer Questions (QPG),Find the sum. 2 3 1 4 + 5 4 2 4 = ________________.,N/A,,,,,,Other,Hard,Test Learning Outcome 1,"Skillone,skilltwo","STAR MATHS 3,Addition",1
CBSE,Class 3,Mathematics,Star Maths,Chapter 2. Addition,,,Short Answer Questions (QPG),Find the sum. 1 2 4 4 + 3 4 2 3 = ________________.,N/A,,,,,,Other,Hard,Test Learning Outcome 1,"Skillone,skilltwo","STAR MATHS 3,Addition",1
CBSE,Class 3,Mathematics,Star Maths,Chapter 2. Addition,,,Short Answer Questions (QPG),Find the sum. 1 4 5 7 + 1 1 3 3 = ________________.,N/A,,,,,,Other,Hard,Test Learning Outcome 1,"Skillone,skilltwo","STAR MATHS 3,Addition",1
CBSE,Class 3,Mathematics,Star Maths,Chapter 2. Addition,,,Short Answer Questions (QPG),Find the sum. 3 4 1 5 + 4 2 4 6 = ________________.,N/A,,,,,,Other,Hard,Test Learning Outcome 1,"Skillone,skilltwo","STAR MATHS 3,Addition",1
CBSE,Class 3,Mathematics,Star Maths,Chapter 2. Addition,,,Short Answer Questions (QPG),Find the sum. 3 5 1 5 + 1 2 1 4 = ________________.,N/A,,,,,,Other,Hard,Test Learning Outcome 1,"Skillone,skilltwo","STAR MATHS 3,Addition",1
CBSE,Class 3,Mathematics,Star Maths,Chapter 2. Addition,,,Short Answer Questions (QPG),Find the sum. 4 2 1 6 + 3 2 3 5 = ________________.,N/A,,,,,,Other,Hard,Test Learning Outcome 1,"Skillone,skilltwo","STAR MATHS 3,Addition",1
CBSE,Class 3,Mathematics,Star Maths,Chapter 2. Addition,,,Short Answer Questions (QPG),Find the sum. 4 2 4 1 + 4 5 3 3 = ________________.,N/A,,,,,,Other,Hard,Test Learning Outcome 1,"Skillone,skilltwo","STAR MATHS 3,Addition",1
CBSE,Class 3,Mathematics,Star Maths,Chapter 2. Addition,,,Short Answer Questions (QPG),Find the sum. 4 2 6 7 + 2 1 3 4 = ________________.,N/A,,,,,,Other,Hard,Test Learning Outcome 1,"Skillone,skilltwo","STAR MATHS 3,Addition",1
CBSE,Class 3,Mathematics,Star Maths,Chapter 2. Addition,,,Short Answer Questions (QPG),Find the sum. 5 1 2 6 + 2 2 1 4 = ________________.,N/A,,,,,,Other,Hard,Test Learning Outcome 1,"Skillone,skilltwo","STAR MATHS 3,Addition",1
CBSE,Class 3,Mathematics,Star Maths,Chapter 2. Addition,,,Short Answer Questions (QPG),Find the sum. 6 2 3 3 + 1 2 2 3 = ________________.,N/A,,,,,,Other,Hard,Test Learning Outcome 1,"Skillone,skilltwo","STAR MATHS 3,Addition",1
CBSE,Class 3,Mathematics,Star Maths,Chapter 2. Addition,,,Short Answer Questions (QPG),Find the sum. 1 2 1 3 + 2 4 4 5 = ________________.,N/A,,,,,,Other,Hard,Test Learning Outcome 1,"Skillone,skilltwo","STAR MATHS 3,Addition",1
CBSE,Class 3,Mathematics,Star Maths,Chapter 2. Addition,,,Short Answer Questions (QPG),Find the sum. 2 5 1 6 + 4 2 2 3 = ________________.,N/A,,,,,,Other,Hard,Test Learning Outcome 1,"Skillone,skilltwo","STAR MATHS 3,Addition",1
CBSE,Class 3,Mathematics,Star Maths,Chapter 2. Addition,,,Short Answer Questions (QPG),Find the sum. 3 3 2 9 + 3 1 1 9 = ________________.,N/A,,,,,,Other,Hard,Test Learning Outcome 1,"Skillone,skilltwo","STAR MATHS 3,Addition",1
CBSE,Class 3,Mathematics,Star Maths,Chapter 2. Addition,,,Short Answer Questions (QPG),Solve the following - Grishma won Rs 2000 in dance competition and Rs 3302 in singing competition. How many money she won in all ?,N/A,,,,,,Other,Hard,Test Learning Outcome 1,"Skillone,skilltwo","STAR MATHS 3,Addition",1
CBSE,Class 3,Mathematics,Star Maths,Chapter 2. Addition,,,Short Answer Questions (QPG),"Solve the following - In a shop , there were 512 kg of wheat, 231 kg of rice and 157 kg of jowar. Find the total weight of food grains in the shop ?",N/A,,,,,,Other,Hard,Test Learning Outcome 1,"Skillone,skilltwo","STAR MATHS 3,Addition",1
CBSE,Class 3,Mathematics,Star Maths,Chapter 2. Addition,,,Short Answer Questions (QPG),"Solve the following. - Diya travelled 5371 km in first month, 2245 km in second month. How much distance did she travel in these two months ?",N/A,,,,,,Other,Hard,Test Learning Outcome 1,"Skillone,skilltwo","STAR MATHS 3,Addition",1
CBSE,Class 3,Mathematics,Star Maths,Chapter 2. Addition,,,Short Answer Questions (QPG),Solve the following. - A bucket contains 812 red marbles and 543 black marbles. Find the total number of marbles in the bucket.,N/A,,,,,,Other,Hard,Test Learning Outcome 1,"Skillone,skilltwo","STAR MATHS 3,Addition",1
CBSE,Class 3,Mathematics,Star Maths,Chapter 2. Addition,,,Short Answer Questions (QPG),Solve the following. - Kids were playing in the Amusement park. Among them 4123 were boys and 3421 were girls. Find the total number of kids in the Amusement park.,N/A,,,,,,Other,Hard,Test Learning Outcome 1,"Skillone,skilltwo","STAR MATHS 3,Addition",1
CBSE,Class 3,Mathematics,Star Maths,Chapter 2. Addition,,,Short Answer Questions (QPG),"Solve the following. - Vipul travels a distance of 613 km in first week, 347 km in second week. Find the total distance travelled by him in the two weeks.",N/A,,,,,,Other,Hard,Test Learning Outcome 1,"Skillone,skilltwo","STAR MATHS 3,Addition",1
CBSE,Class 3,Mathematics,Star Maths,Chapter 2. Addition,,,Short Answer Questions (QPG),Find the sum. 3 1 5 8 + 2 3 1 3 = ________________.,N/A,,,,,,Other,Hard,Test Learning Outcome 1,"Skillone,skilltwo","STAR MATHS 3,Addition",1
CBSE,Class 3,Mathematics,Star Maths,Chapter 2. Addition,,,Short Answer Questions (QPG),Find the sum. 2 2 1 5 + 2 2 3 3 = ________________.,N/A,,,,,,Other,Hard,Test Learning Outcome 1,"Skillone,skilltwo","STAR MATHS 3,Addition",1
CBSE,Class 3,Mathematics,Star Maths,Chapter 2. Addition,,,Short Answer Questions (QPG),Solve the following - Shreeji sweets sold 3456 kg sweets and 1003 kg of chocolate items in a year. Find the total weight of items sold during the year.,N/A,,,,,,Other,Hard,Test Learning Outcome 1,"Skillone,skilltwo","STAR MATHS 3,Addition",1
CBSE,Class 3,Mathematics,Star Maths,Chapter 2. Addition,,,Short Answer Questions (QPG),Solve the following. - Find the sum : 2453 + 5374 + 1636.,N/A,,,,,,Other,Hard,Test Learning Outcome 1,"Skillone,skilltwo","STAR MATHS 3,Addition",1
CBSE,Class 3,Mathematics,Star Maths,Chapter 2. Addition,,,Short Answer Questions (QPG),"Solve the following. - In a shopping mall, there were 567 kg of wheat and 765 kg of rice. Find the total weight of foodgrains in the mall?",N/A,,,,,,Other,Hard,Test Learning Outcome 1,"Skillone,skilltwo","STAR MATHS 3,Addition",1
CBSE,Class 3,Mathematics,Star Maths,Chapter 1. Number System,,, Fill in the blank (QPG),"Arrange the numbers in descending order 6931, 9361, 3691, 1954 ________________________________________.",N/A,,,,,,Other,Hard,Test Learning Outcome 1,"Skillone,skilltwo","STAR MATHS 3,number system",1
CBSE,Class 3,Mathematics,Star Maths,Chapter 1. Number System,,, Fill in the blank (QPG),"Complete the pattern 8,990, 8,993, 8,996, _____, _____, _____.",N/A,,,,,,Other,Hard,Test Learning Outcome 1,"Skillone,skilltwo","STAR MATHS 3,number system",1
CBSE,Class 3,Mathematics,Star Maths,Chapter 1. Number System,,, Fill in the blank (QPG),"Complete the pattern 9,650, 9,660, 9,670, _____, _____, _____.",N/A,,,,,,Other,Hard,Test Learning Outcome 1,"Skillone,skilltwo","STAR MATHS 3,number system",1
CBSE,Class 3,Mathematics,Star Maths,Chapter 1. Number System,,, Fill in the blank (QPG),"Complete the pattern 1,286, 1,287, 1,288, _____, _____, _____.",N/A,,,,,,Other,Hard,Test Learning Outcome 1,"Skillone,skilltwo","STAR MATHS 3,number system",1
CBSE,Class 3,Mathematics,Star Maths,Chapter 1. Number System,,, Fill in the blank (QPG),"Arrange the numbers in descending order 5069, 5964, 5906, 5969 ________________________________________.",N/A,,,,,,Other,Hard,Test Learning Outcome 1,"Skillone,skilltwo","STAR MATHS 3,number system",1
CBSE,Class 3,Mathematics,Star Maths,Chapter 1. Number System,,, Fill in the blank (QPG),"Complete the pattern 5,620, 5,622, 5,624, _____, _____, _____.",N/A,,,,,,Other,Hard,Test Learning Outcome 1,"Skillone,skilltwo","STAR MATHS 3,number system",1
CBSE,Class 3,Mathematics,Star Maths,Chapter 1. Number System,,, Fill in the blank (QPG),"Complete the pattern 7,302, 7,303, 7,304, _____, _____, _____.",N/A,,,,,,Other,Hard,Test Learning Outcome 1,"Skillone,skilltwo","STAR MATHS 3,number system",1
CBSE,Class 3,Mathematics,Star Maths,Chapter 1. Number System,,, Fill in the blank (QPG),Write the following in figures - Nine thousand seven hundred seventy eight ____________,N/A,,,,,,Other,Hard,Test Learning Outcome 1,"Skillone,skilltwo","STAR MATHS 3,number system",1
CBSE,Class 3,Mathematics,Star Maths,Chapter 1. Number System,,, Fill in the blank (QPG),"Write the following numbers in expanded form - 6,065 = _______________________________________.",N/A,,,,,,Other,Hard,Test Learning Outcome 1,"Skillone,skilltwo","STAR MATHS 3,number system",1
CBSE,Class 3,Mathematics,Star Maths,Chapter 1. Number System,,, Fill in the blank (QPG),Write the following in figures - three thousand two hundred ninety nine ____________,N/A,,,,,,Other,Hard,Test Learning Outcome 1,"Skillone,skilltwo","STAR MATHS 3,number system",1
CBSE,Class 3,Mathematics,Star Maths,Chapter 1. Number System,,, Fill in the blank (QPG),Write the following in figures - six thousand one hundred eleven ____________,N/A,,,,,,Other,Hard,Test Learning Outcome 1,"Skillone,skilltwo","STAR MATHS 3,number system",1
CBSE,Class 3,Mathematics,Star Maths,Chapter 1. Number System,,, Fill in the blank (QPG),"Write the following numbers in expanded form - 1,367 = _______________________________________.",N/A,,,,,,Other,Hard,Test Learning Outcome 1,"Skillone,skilltwo","STAR MATHS 3,number system",1
CBSE,Class 3,Mathematics,Star Maths,Chapter 1. Number System,,, Fill in the blank (QPG),"Write the following numbers in expanded form - 4,439 = _______________________________________.",N/A,,,,,,Other,Hard,Test Learning Outcome 1,"Skillone,skilltwo","STAR MATHS 3,number system",1
CBSE,Class 3,Mathematics,Star Maths,Chapter 1. Number System,,, Fill in the blank (QPG),"Write the following numbers in expanded form - 7,298 = _______________________________________.",N/A,,,,,,Other,Hard,Test Learning Outcome 1,"Skillone,skilltwo","STAR MATHS 3,number system",1
CBSE,Class 3,Mathematics,Star Maths,Chapter 1. Number System,,, Fill in the blank (QPG),"Write the following numbers in expanded form - 8,463 = _______________________________________.",N/A,,,,,,Other,Hard,Test Learning Outcome 1,"Skillone,skilltwo","STAR MATHS 3,number system",1
CBSE,Class 3,Mathematics,Star Maths,Chapter 1. Number System,,, Fill in the blank (QPG),"Arrange the numbers in ascending order 4694, 4694, 6964, 6494 ________________________________________.",N/A,,,,,,Other,Hard,Test Learning Outcome 1,"Skillone,skilltwo","STAR MATHS 3,number system",1
CBSE,Class 3,Mathematics,Star Maths,Chapter 1. Number System,,, Fill in the blank (QPG),"Arrange the numbers in ascending order 6978, 6789, 6897, 6879 ________________________________________.",N/A,,,,,,Other,Hard,Test Learning Outcome 1,"Skillone,skilltwo","STAR MATHS 3,number system",1
CBSE,Class 3,Mathematics,Star Maths,Chapter 1. Number System,,, Fill in the blank (QPG),Write the following in short form 9000 + 3 + 60 _________________.,N/A,,,,,,Other,Hard,Test Learning Outcome 1,"Skillone,skilltwo","STAR MATHS 3,number system",1
CBSE,Class 3,Mathematics,Star Maths,Chapter 1. Number System,,, Fill in the blank (QPG),"Write the greatest and the smallest 4-digit number using the given digits only once - 3, 4, 1, 5 - Greatest __________ Smallest _________.",N/A,,,,,,Other,Hard,Test Learning Outcome 1,"Skillone,skilltwo","STAR MATHS 3,number system",1
CBSE,Class 3,Mathematics,Star Maths,Chapter 1. Number System,,, Fill in the blank (QPG),"Write the greatest and the smallest 4-digit number using the given digits only once - 4, 5, 3, 1 - Greatest __________ Smallest _________.",N/A,,,,,,Other,Hard,Test Learning Outcome 1,"Skillone,skilltwo","STAR MATHS 3,number system",1
CBSE,Class 3,Mathematics,Star Maths,Chapter 1. Number System,,, Fill in the blank (QPG),"Write the greatest and the smallest 4-digit number using the given digits only once - 7, 3, 6, 9 - Greatest __________ Smallest _________.",N/A,,,,,,Other,Hard,Test Learning Outcome 1,"Skillone,skilltwo","STAR MATHS 3,number system",1
CBSE,Class 3,Mathematics,Star Maths,Chapter 1. Number System,,, Fill in the blank (QPG),Write the missing even numbers 5690 ________ __________ __________ __________ 5700.,N/A,,,,,,Other,Hard,Test Learning Outcome 1,"Skillone,skilltwo","STAR MATHS 3,number system",1
CBSE,Class 3,Mathematics,Star Maths,Chapter 1. Number System,,, Fill in the blank (QPG),Write the missing odd numbers 3059,N/A,______ ______ _______ _______ 3069.,,,,,Other,Hard,Test Learning Outcome 1,"Skillone,skilltwo","STAR MATHS 3,number system",1
CBSE,Class 3,Mathematics,Star Maths,Chapter 1. Number System,,, Fill in the blank (QPG),Write the missing odd numbers 8921,N/A,______ ______ _______ _______ 8931.,,,,,Other,Hard,Test Learning Outcome 1,"Skillone,skilltwo","STAR MATHS 3,number system",1
CBSE,Class 3,Mathematics,Star Maths,Chapter 1. Number System,,, Fill in the blank (QPG),"Write the numbers which come just before and just after the given number _____ 2,999 _____.",N/A,,,,,,Other,Hard,Test Learning Outcome 1,"Skillone,skilltwo","STAR MATHS 3,number system",1
CBSE,Class 3,Mathematics,Star Maths,Chapter 1. Number System,,, Fill in the blank (QPG),"Write the numbers which come just before and just after the given number _____ 3,958 _____.",N/A,,,,,,Other,Hard,Test Learning Outcome 1,"Skillone,skilltwo","STAR MATHS 3,number system",1
CBSE,Class 3,Mathematics,Star Maths,Chapter 1. Number System,,, Fill in the blank (QPG),"Write the numbers which come just before and just after the given number _____ 4,501_____.",N/A,,,,,,Other,Hard,Test Learning Outcome 1,"Skillone,skilltwo","STAR MATHS 3,number system",1
CBSE,Class 3,Mathematics,Star Maths,Chapter 1. Number System,,, Fill in the blank (QPG),Write the place value and face value of the underline digit - 2 4 5 9 - Place value ______________ Face value ____________.,N/A,,,,,,Other,Hard,Test Learning Outcome 1,"Skillone,skilltwo","STAR MATHS 3,number system",1
CBSE,Class 3,Mathematics,Star Maths,Chapter 1. Number System,,, Fill in the blank (QPG),Write the place value and face value of the underline digit - 4 2 8 7 - Place value ______________ Face value ______________.,N/A,,,,,,Other,Hard,Test Learning Outcome 1,"Skillone,skilltwo","STAR MATHS 3,number system",1
CBSE,Class 3,Mathematics,Star Maths,Chapter 1. Number System,,, Fill in the blank (QPG),"Arrange the numbers in ascending order 6928, 5918, 8671, 5035 ________________________________________.",N/A,,,,,,Other,Hard,Test Learning Outcome 1,"Skillone,skilltwo","STAR MATHS 3,number system",1
CBSE,Class 3,Mathematics,Star Maths,Chapter 1. Number System,,, Fill in the blank (QPG),"Arrange the numbers in ascending order 2958, 5928, 6847, 1049 ________________________________________.",N/A,,,,,,Other,Hard,Test Learning Outcome 1,"Skillone,skilltwo","STAR MATHS 3,number system",1
CBSE,Class 3,Mathematics,Star Maths,Chapter 1. Number System,,, Fill in the blank (QPG),"Arrange the numbers in ascending order 6928, 5918, 8671, 5035 ________________________________________.",N/A,,,,,,Other,Hard,Test Learning Outcome 1,"Skillone,skilltwo","STAR MATHS 3,number system",1
CBSE,Class 3,Mathematics,Star Maths,Chapter 1. Number System,,, Fill in the blank (QPG),"Arrange the numbers in ascending order 5205, 4209, 9215, 1945 ________________________________________.",N/A,,,,,,Other,Hard,Test Learning Outcome 1,"Skillone,skilltwo","STAR MATHS 3,number system",1
CBSE,Class 3,Mathematics,Star Maths,Chapter 1. Number System,,, Fill in the blank (QPG),"Arrange the numbers in descending order 7934, 9743, 9734, 9754 ______________________________.",N/A,,,,,,Other,Hard,Test Learning Outcome 1,"Skillone,skilltwo","STAR MATHS 3,number system",1
CBSE,Class 3,Mathematics,Star Maths,Chapter 1. Number System,,, Fill in the blank (QPG),"Arrange the numbers in descending order 9201, 2901, 1092, 9101 ______________________________.",N/A,,,,,,Other,Hard,Test Learning Outcome 1,"Skillone,skilltwo","STAR MATHS 3,number system",1
CBSE,Class 3,Mathematics,Star Maths,Chapter 1. Number System,,, Fill in the blank (QPG),"Arrange the numbers in descending order 6918, 6928, 6814, 6810 ______________________________.",N/A,,,,,,Other,Hard,Test Learning Outcome 1,"Skillone,skilltwo","STAR MATHS 3,number system",1
CBSE,Class 3,Mathematics,Star Maths,Chapter 1. Number System,,, Fill in the blank (QPG),"Put ‘> , < or =’ sign in the blanks 2314 ____ 3142.",N/A,,,,,,Other,Hard,Test Learning Outcome 1,"Skillone,skilltwo","STAR MATHS 3,number system",1
CBSE,Class 3,Mathematics,Star Maths,Chapter 1. Number System,,, Fill in the blank (QPG),"Put ‘> , < or =’ sign in the blanks 5962 ____ 5692.",N/A,,,,,,Other,Hard,Test Learning Outcome 1,"Skillone,skilltwo","STAR MATHS 3,number system",1
CBSE,Class 3,Mathematics,Star Maths,Chapter 1. Number System,,, Fill in the blank (QPG),"Put ‘> , < or =’ sign in the blanks 7252 ____ 5572.",N/A,,,,,,Other,Hard,Test Learning Outcome 1,"Skillone,skilltwo","STAR MATHS 3,number system",1
CBSE,Class 3,Mathematics,Star Maths,Chapter 1. Number System,,, Fill in the blank (QPG),"Put ‘> , < or =’ sign in the blanks 7986 ____ 8795.",N/A,,,,,,Other,Hard,Test Learning Outcome 1,"Skillone,skilltwo","STAR MATHS 3,number system",1
CBSE,Class 3,Mathematics,Star Maths,Chapter 1. Number System,,, Fill in the blank (QPG),Write the following in figures - Eight thousand nine hundred twenty five ____________,N/A,,,,,,Other,Hard,Test Learning Outcome 1,"Skillone,skilltwo","STAR MATHS 3,number system",1
CBSE,Class 3,Mathematics,Star Maths,Chapter 1. Number System,,, Fill in the blank (QPG),Write the following in figures - Four thousand five hundred sixty three ____________,N/A,,,,,,Other,Hard,Test Learning Outcome 1,"Skillone,skilltwo","STAR MATHS 3,number system",1
CBSE,Class 3,Mathematics,Star Maths,Chapter 1. Number System,,, Fill in the blank (QPG),Write the following in short form 2000 + 800 + 70 + 1 ______________.,N/A,,,,,,Other,Hard,Test Learning Outcome 1,"Skillone,skilltwo","STAR MATHS 3,number system",1
CBSE,Class 3,Mathematics,Star Maths,Chapter 1. Number System,,, Fill in the blank (QPG),Write the following in short form 2000 + 800 + 70 + 1 _______________.,N/A,,,,,,Other,Hard,Test Learning Outcome 1,"Skillone,skilltwo","STAR MATHS 3,number system",1
CBSE,Class 3,Mathematics,Star Maths,Chapter 1. Number System,,, Fill in the blank (QPG),Write the following in short form 3000 + 700 + 60 + 7 _________________.,N/A,,,,,,Other,Hard,Test Learning Outcome 1,"Skillone,skilltwo","STAR MATHS 3,number system",1
CBSE,Class 3,Mathematics,Star Maths,Chapter 1. Number System,,, Fill in the blank (QPG),Write the following in short form 8000 + 900 + 10 + 9 _________________.,N/A,,,,,,Other,Hard,Test Learning Outcome 1,"Skillone,skilltwo","STAR MATHS 3,number system",1
CBSE,Class 3,Mathematics,Star Maths,Chapter 1. Number System,,, Fill in the blank (QPG),Write the following in short form 6000 + 400 + 40 + 6 _______________.,N/A,,,,,,Other,Hard,Test Learning Outcome 1,"Skillone,skilltwo","STAR MATHS 3,number system",1
CBSE,Class 3,Mathematics,Star Maths,Chapter 1. Number System,,, Fill in the blank (QPG),"Write the greatest and the smallest 4-digit number using the given digits only once - 8, 1, 7, 9 - Greatest __________ Smallest _________.",N/A,,,,,,Other,Hard,Test Learning Outcome 1,"Skillone,skilltwo","STAR MATHS 3,number system",1
CBSE,Class 3,Mathematics,Star Maths,Chapter 1. Number System,,, Fill in the blank (QPG),"Write the greatest and the smallest 4-digit number using the given digits only once - 5, 7, 8, 2 - Greatest __________ Smallest _________.",N/A,,,,,,Other,Hard,Test Learning Outcome 1,"Skillone,skilltwo","STAR MATHS 3,number system",1
CBSE,Class 3,Mathematics,Star Maths,Chapter 1. Number System,,, Fill in the blank (QPG),"Write the greatest and the smallest 4-digit number using the given digits only once - 5, 7, 8, 2 - Greatest ___________ Smallest ___________.",N/A,,,,,,Other,Hard,Test Learning Outcome 1,"Skillone,skilltwo","STAR MATHS 3,number system",1
CBSE,Class 3,Mathematics,Star Maths,Chapter 1. Number System,,, Fill in the blank (QPG),Write the missing even numbers 1044 ________ __________ __________ __________ 1054.,N/A,,,,,,Other,Hard,Test Learning Outcome 1,"Skillone,skilltwo","STAR MATHS 3,number system",1
CBSE,Class 3,Mathematics,Star Maths,Chapter 1. Number System,,, Fill in the blank (QPG),Write the missing even numbers 6070 ________ __________ __________ __________ 6080.,N/A,,,,,,Other,Hard,Test Learning Outcome 1,"Skillone,skilltwo","STAR MATHS 3,number system",1
CBSE,Class 3,Mathematics,Star Maths,Chapter 1. Number System,,, Fill in the blank (QPG),Write the missing even numbers 8422 ________ __________ __________ __________ 8432.,N/A,,,,,,Other,Hard,Test Learning Outcome 1,"Skillone,skilltwo","STAR MATHS 3,number system",1
CBSE,Class 3,Mathematics,Star Maths,Chapter 1. Number System,,, Fill in the blank (QPG),Write the missing even numbers 5612 ________ __________ __________ __________ 5622.,N/A,,,,,,Other,Hard,Test Learning Outcome 1,"Skillone,skilltwo","STAR MATHS 3,number system",1
CBSE,Class 3,Mathematics,Star Maths,Chapter 1. Number System,,, Fill in the blank (QPG),Write the missing odd numbers 7911,N/A,______ ______ _______ _______ 7921.,,,,,Other,Hard,Test Learning Outcome 1,"Skillone,skilltwo","STAR MATHS 3,number system",1
CBSE,Class 3,Mathematics,Star Maths,Chapter 1. Number System,,, Fill in the blank (QPG),Write the missing odd numbers 9191,N/A,______ ______ _______ _______ 9201.,,,,,Other,Hard,Test Learning Outcome 1,"Skillone,skilltwo","STAR MATHS 3,number system",1
CBSE,Class 3,Mathematics,Star Maths,Chapter 1. Number System,,, Fill in the blank (QPG),Write the missing odd numbers 9989,N/A,______ ______ _______ _______ 9999.,,,,,Other,Hard,Test Learning Outcome 1,"Skillone,skilltwo","STAR MATHS 3,number system",1
CBSE,Class 3,Mathematics,Star Maths,Chapter 1. Number System,,, Fill in the blank (QPG),Write the number names 1039 ____________________________.,N/A,,,,,,Other,Hard,Test Learning Outcome 1,"Skillone,skilltwo","STAR MATHS 3,number system",1
CBSE,Class 3,Mathematics,Star Maths,Chapter 1. Number System,,, Fill in the blank (QPG),Write the number names 6003 ______________.,N/A,,,,,,Other,Hard,Test Learning Outcome 1,"Skillone,skilltwo","STAR MATHS 3,number system",1
CBSE,Class 3,Mathematics,Star Maths,Chapter 1. Number System,,, Fill in the blank (QPG),Write the number names 6350 - ____________________________.,N/A,,,,,,Other,Hard,Test Learning Outcome 1,"Skillone,skilltwo","STAR MATHS 3,number system",1
CBSE,Class 3,Mathematics,Star Maths,Chapter 1. Number System,,, Fill in the blank (QPG),Write the number names 7905 ____________________________.,N/A,,,,,,Other,Hard,Test Learning Outcome 1,"Skillone,skilltwo","STAR MATHS 3,number system",1
CBSE,Class 3,Mathematics,Star Maths,Chapter 1. Number System,,, Fill in the blank (QPG),Write the number names 8231 - ____________________________.,N/A,,,,,,Other,Hard,Test Learning Outcome 1,"Skillone,skilltwo","STAR MATHS 3,number system",1
CBSE,Class 3,Mathematics,Star Maths,Chapter 1. Number System,,, Fill in the blank (QPG),"Write the number which comes in between the following numbers 1,299 _____ 1,301.",N/A,,,,,,Other,Hard,Test Learning Outcome 1,"Skillone,skilltwo","STAR MATHS 3,number system",1
CBSE,Class 3,Mathematics,Star Maths,Chapter 1. Number System,,, Fill in the blank (QPG),"Write the number which comes in between the following numbers 3,999 _____ 4,001.",N/A,,,,,,Other,Hard,Test Learning Outcome 1,"Skillone,skilltwo","STAR MATHS 3,number system",1
CBSE,Class 3,Mathematics,Star Maths,Chapter 1. Number System,,, Fill in the blank (QPG),"Write the number which comes in between the following numbers 4,622 _____ 4,624.",N/A,,,,,,Other,Hard,Test Learning Outcome 1,"Skillone,skilltwo","STAR MATHS 3,number system",1
CBSE,Class 3,Mathematics,Star Maths,Chapter 1. Number System,,, Fill in the blank (QPG),"Write the number which comes in between the following numbers 7,825 _____ 7,827.",N/A,,,,,,Other,Hard,Test Learning Outcome 1,"Skillone,skilltwo","STAR MATHS 3,number system",1
CBSE,Class 3,Mathematics,Star Maths,Chapter 1. Number System,,, Fill in the blank (QPG),"Write the number which comes in between the following numbers 9,688 _____ 9,690.",N/A,,,,,,Other,Hard,Test Learning Outcome 1,"Skillone,skilltwo","STAR MATHS 3,number system",1
CBSE,Class 3,Mathematics,Star Maths,Chapter 1. Number System,,, Fill in the blank (QPG),"Write the number which comes in between the following numbers 8,325 _____ 8,327.",N/A,,,,,,Other,Hard,Test Learning Outcome 1,"Skillone,skilltwo","STAR MATHS 3,number system",1
CBSE,Class 3,Mathematics,Star Maths,Chapter 1. Number System,,, Fill in the blank (QPG),"Write the numbers which come just before and just after the given number _____ 7,330 _____.",N/A,,,,,,Other,Hard,Test Learning Outcome 1,"Skillone,skilltwo","STAR MATHS 3,number system",1
CBSE,Class 3,Mathematics,Star Maths,Chapter 1. Number System,,, Fill in the blank (QPG),"Write the numbers which come just before and just after the given number _____ 9,800 _____.",N/A,,,,,,Other,Hard,Test Learning Outcome 1,"Skillone,skilltwo","STAR MATHS 3,number system",1
CBSE,Class 3,Mathematics,Star Maths,Chapter 1. Number System,,, Fill in the blank (QPG),"Write the numbers which come just before and just after the given number _____ 5,000 _____.",N/A,,,,,,Other,Hard,Test Learning Outcome 1,"Skillone,skilltwo","STAR MATHS 3,number system",1
CBSE,Class 3,Mathematics,Star Maths,Chapter 1. Number System,,, Fill in the blank (QPG),Write the place value and face value of the underline digit - 4 6 6 1 - Place value ______________ Face value ____________.,N/A,,,,,,Other,Hard,Test Learning Outcome 1,"Skillone,skilltwo","STAR MATHS 3,number system",1
CBSE,Class 3,Mathematics,Star Maths,Chapter 1. Number System,,, Fill in the blank (QPG),Write the place value and face value of the underline digit - 8 0 1 5 - Place value ______________ Face value ______________.,N/A,,,,,,Other,Hard,Test Learning Outcome 1,"Skillone,skilltwo","STAR MATHS 3,number system",1
CBSE,Class 3,Mathematics,Star Maths,Chapter 1. Number System,,, Fill in the blank (QPG),Write the place value and face value of the underline digits - 9 1 5 2 - Place value _____________ Face value ______________.,N/A,,,,,,Other,Hard,Test Learning Outcome 1,"Skillone,skilltwo","STAR MATHS 3,number system",1
CBSE,Class 3,Mathematics,Star Maths,Chapter 1. Number System,,, Fill in the blank (QPG),"Write the predecessor for the following numbers 8,898 ______.",N/A,,,,,,Other,Hard,Test Learning Outcome 1,"Skillone,skilltwo","STAR MATHS 3,number system",1
CBSE,Class 3,Mathematics,Star Maths,Chapter 1. Number System,,, Fill in the blank (QPG),"Write the predecessor for the following numbers 1,360 ______.",N/A,,,,,,Other,Hard,Test Learning Outcome 1,"Skillone,skilltwo","STAR MATHS 3,number system",1
CBSE,Class 3,Mathematics,Star Maths,Chapter 1. Number System,,, Fill in the blank (QPG),"Write the predecessor for the following numbers 6,250 ______.",N/A,,,,,,Other,Hard,Test Learning Outcome 1,"Skillone,skilltwo","STAR MATHS 3,number system",1
CBSE,Class 3,Mathematics,Star Maths,Chapter 1. Number System,,, Fill in the blank (QPG),"Write the predecessor for the following numbers 7,339 ______.",N/A,,,,,,Other,Hard,Test Learning Outcome 1,"Skillone,skilltwo","STAR MATHS 3,number system",1
CBSE,Class 3,Mathematics,Star Maths,Chapter 1. Number System,,, Fill in the blank (QPG),"Write the predecessor for the following numbers 2,823 ______.",N/A,,,,,,Other,Hard,Test Learning Outcome 1,"Skillone,skilltwo","STAR MATHS 3,number system",1
CBSE,Class 3,Mathematics,Star Maths,Chapter 1. Number System,,, Fill in the blank (QPG),"Write the predecessor for the following numbers 9,076 ______.",N/A,,,,,,Other,Hard,Test Learning Outcome 1,"Skillone,skilltwo","STAR MATHS 3,number system",1
CBSE,Class 3,Mathematics,Star Maths,Chapter 1. Number System,,,Multiple Choice Question (QPG) Test Paper,The predecessor of 3999 is _____,N/A,3998,4000,4001,40,,Other,Hard,Test Learning Outcome 1,"Skillone,skilltwo","STAR MATHS 3,number system",1
CBSE,Class 3,Mathematics,Star Maths,Chapter 1. Number System,,,Multiple Choice Question (QPG) Test Paper,What is the place value of 4 in 5416?,N/A,400,4,40,4000,,Other,Hard,Test Learning Outcome 1,"Skillone,skilltwo","STAR MATHS 3,number system",1
CBSE,Class 3,Mathematics,Star Maths,Chapter 1. Number System,,,Multiple Choice Question (QPG) Test Paper,What is the place value of 5 in 2451?,N/A,5000,5,500,50,,Other,Hard,Test Learning Outcome 1,"Skillone,skilltwo","STAR MATHS 3,number system",1
CBSE,Class 3,Mathematics,Star Maths,Chapter 1. Number System,,,Multiple Choice Question (QPG) Test Paper,Which of the following is correct expanded form of 5730?,N/A,3000 + 700 + 50,7000 + 300 + 50,5000+ 300 + 70,5000 + 700 + 30,,Other,Hard,Test Learning Outcome 1,"Skillone,skilltwo","STAR MATHS 3,number system",1
CBSE,Class 3,Mathematics,Star Maths,Chapter 1. Number System,,,Multiple Choice Question (QPG) Test Paper,Which of the following represents Three thousand twenty eight?,N/A,3038,2028,3028,3328,,Other,Hard,Test Learning Outcome 1,"Skillone,skilltwo","STAR MATHS 3,number system",1
CBSE,Class 3,Mathematics,Star Maths,Chapter 1. Number System,,,Multiple Choice Question (QPG) Test Paper,Which of the following is the correct number for Eight thousand Seven hundred thirty nine?,N/A,8729,7829,8939,8739,,Other,Hard,Test Learning Outcome 1,"Skillone,skilltwo","STAR MATHS 3,number system",1
CBSE,Class 3,Mathematics,Star Maths,Chapter 1. Number System,,,Multiple Choice Question (QPG) Test Paper,Which of the following is the short form of 3000 + 400 + 5?,N/A,3450,3540,3504,3405,,Other,Hard,Test Learning Outcome 1,"Skillone,skilltwo","STAR MATHS 3,number system",1
CBSE,Class 3,Mathematics,Star Maths,Chapter 1. Number System,,,Multiple Choice Question (QPG) Test Paper,Which of the following is the smallest 4 digit number?,N/A,3561,6234,9012,1565,,Other,Hard,Test Learning Outcome 1,"Skillone,skilltwo","STAR MATHS 3,number system",1
CBSE,Class 3,Mathematics,Star Maths,Chapter 1. Number System,,,Multiple Choice Question (QPG) Test Paper,Which of the following represents Three thousand twenty eight?,N/A,3038,2028,3028,3328,,Other,Hard,Test Learning Outcome 1,"Skillone,skilltwo","STAR MATHS 3,number system",1
CBSE,Class 3,Mathematics,Star Maths,Chapter 1. Number System,,,Multiple Choice Question (QPG) Test Paper,Which of the following sequence is correct descending order?,N/A,"1011, 2011, 1021, 1121","2011, 1121, 1021, 1011","1011, 1121, 1021, 2011","2011, 1011, 1121, 1021",,Other,Hard,Test Learning Outcome 1,"Skillone,skilltwo","STAR MATHS 3,number system",1
CBSE,Class 3,Mathematics,Star Maths,Chapter 1. Number System,,,Multiple Choice Question (QPG) Test Paper,Which of the following sequence is correct for ascending order?,N/A,"4029, 4024, 5914, 5194","4024, 4029, 5194, 5914","5194, 5914, 4024, 4029","5914, 5194, 4029, 4024",,Other,Hard,Test Learning Outcome 1,"Skillone,skilltwo","STAR MATHS 3,number system",1
